"gender","age","S1","S2","S3","S4","S5","S6","RE","AR","SO","EN","CV","IV"
2,29,"A liar. ","Takes a lot if hard work","Are lots of fun","Are wonderful support","The world amazes me every day","Love. ",8,36,4,16,12,30
2,29,"A liar. ","Takes a lot if hard work","Are lots of fun","Are wonderful support","The world amazes me every day","Love. ",8,36,4,16,12,30
1,27,"salesmen.","is hard to find.","will be brothers.","fight with mothers.","spring time is short.","nonsense.",17,27,6,18,17,26
1,52,"a skinny cook","is always grener on the other side","who needs em?","who needs em?","the other person is in the eye of the beholder","some dipshit skill",31,27,3,22,23,37
1,52,"democrats.","is being as self sufficient as possible.","are rare, enjoy them.","are fickle in family relationships.","nature can never be truly painted.","money, I seek friends.",38,30,9,13,14,40
1,57,"but verify","won't happen","doobie","sledge","design","dignity",22,17,3,8,15,15
2,27,"someone who doesn't follow through. ","is in the near future. ","are wonderful. ","I wish I had one. ","the ocean at dawn. ","satisfaction. ",14,32,7,12,12,37
1,75,"a salesman","is always at hand","wish I had some","not so much","nature","the balls to do it",31,24,6,10,17,22
2,29,"A liar. ","Takes a lot if hard work","Are lots of fun","Are wonderful support","The world amazes me every day","Love. ",8,36,4,16,12,30
2,22,"every one","is happiness","are great","not have any","everything","many are rare",24,21,6,20,22,24
1,39,"a person who is selling something ""too good to be true""","is for real but depends on what you want","in arms","are doing it for themselves","nature","damn he looks good in a suit",24,24,5,20,27,24
2,22,"news","of mine","stay forever","love each other ","art","emotions",10,37,8,24,11,21
2,49,"someone with candy","isin Jesus's hands","protect little sisters","can be your best friends","forgiveness has to be lived ","in grace having everything",8,17,2,15,20,8
2,20,"stranger","is when  you are happy with what are you doing and with what you have","are protectors","are listeners","the world is just temporary. One should believe in hereafter.","be grateful.",10,18,10,26,20,22
1,22,"stupid people","is full of sex and cookies","do stuff","do stuff","a horse is like a cupcake","common sense",35,13,2,19,21,30
2,35,"Someone who handles money for a company","Having a wonderful family and spouse who you love and they love you bqck","Are protective","Are the best friend you could have","The ocean and the creatures that live their is unbelievable","A beautiful and caring family ",27,24,7,30,34,26
2,33,"someone how tells you, you should trust him","on the beach with a beer",2,1,"my little child","family",13,19,9,20,19,13
1,44,"a free gift","is worth seeking","should always be there","should always be there","life is living","more money",9,30,6,16,14,12
1,25,"horoscopes","is art","i have none","i have none","art","confidence",17,35,5,19,15,34
2,49,"strangers","is health, happiness, family and friends.","can be overprotective and bossy.","can be good friends when you are older.","the country is viewing the plants and flowers growing.","love is not life.",15,21,8,13,33,32
2,28,"someone that betrayed him in the past","is attainable",,,"dance","character",15,31,9,28,37,34
1,32,,,,,,,21,16,6,19,21,18
2,52,"lawyers, car salemen or politicians.","is being happy, healthy and loved.","can be a pain or your best friend.","can be a pain or your best friend.","nature is relaxing, therapeutic and awe-inspiring.","health and love is lacking nothing.",12,30,8,14,13,24
1,23,"Anything.","Life.","In arms.","In care.","Death.","Truth.",40,40,10,40,40,40
2,43,"people who lie.","balanced with hard work.","play hard.","talk more.","the sky.","funny,",26,26,5,21,24,25
1,21,"Politicians.","is simple but hard.","are great.","are insightful.","Life.","intelligence",29,23,2,28,21,27
1,19,"anybody","is being rich","none","one","cars","intelligence",20,23,2,16,8,17
1,23,"Someone who doesn't look you in the eyes ","still lookin for it ","Of sigma phi epsilon ","Don't have any","Music ","A solid path to follow",21,27,4,27,19,16
1,21,"an ignorant","is the one that comes with the most positive outcome","if they are born they will always be there","are gifts","logic","curiosity",17,25,2,14,26,29
1,19,"strangers.","is simple.","are useless.","are to be protected.","life is not knowing what's next.","motivation.",8,24,2,12,12,36
1,55,"anyone not known","is what makes one happy","we all are","are wonderful experiences","the world lies in the mind","needing everything else",18,22,4,13,17,34
2,34,"the unknown","is when one is happy","are forever","don't have any ","life","love",13,14,9,16,17,25
2,39,"People","Is with my kids ","Are protectors","Are love","Family","Love",11,28,6,21,27,19
1,37,"evrything you see","that have hope and self motivated","just another brother","just another sister","sun set","hope",22,32,8,38,14,14
2,58,"hypothetical statements","is being grateful for what you have.","mine are swell","are doing it for themselves said the lyrics to the song","innocence","still being happy",14,33,5,17,18,24
1,32,"that people will work against their own interests","doesn't come free","sacrifice for each other","support one another","life lies in justice and kindness","motivation",19,24,5,14,21,24
1,30,"anyone completely who you meet for the first time","of your future is a result of well planning","are the ones you can tell them your secret","are the ones you can practice how to be humour","a mature individual is his values","God is enough for any hard times",22,26,8,22,21,28
2,33,"anyone who has more than 30 years","is with a lot of experiences","my friends","a did not known that I exist (really)","flower, an animal","reality",12,32,6,22,17,23
2,26,"Someone who cannot offer specific details/someone who will not provide a straight answer.","Includes working to live, not living to work as well as surrounding oneself with honest people for whom you care and who","Are a source of strength, comfort, and joy.","Are a source of strength, comfort, and joy.","Life is not what you do, but rather it is how you contribute to the world.","Time.",12,35,8,22,10,17
1,25,"politicians.","is doing something you love everyday.","look out for each other.","are best friends.","nature.","desire.",21,32,4,19,22,37
1,43,"insurance companies","is what you make it","can be mentors","are a pain in the ass","the country is found in its silence","good intentions",28,22,5,17,23,25
1,44,"gambler","come from good health","never brok you","are more kindness","nature","dont tell",28,28,6,22,20,31
2,27,"coincidences","is easy to get","in arms","are best friends","the world","yourself",20,17,3,29,14,29
2,54,"miracle cures.","is all about attitude.","are rowdy.","are mean.","the world is often ignored.","lacking nothing.",27,26,10,17,25,27
1,38,"anything that does not agree with their own common sense and reason","is not always what you first thaught","can be everywhere you look","are quite special","life is frequently lost in its tragities","the knowhow to get there",11,25,5,24,23,14
2,31,"DOG",,,,,,16,38,6,32,14,34
2,24,"people that divulge their life's story after knowing you for only two seconds.","is one free without restraints. ","are the best.","are annoying, yet sacred. ","art, joy, freedom, excitement, passion; I need them, yet cannot grasp them fully. ","the love of my husband.",8,36,7,19,9,26
2,19,"a stranger","involves happiness","stick together","stick together","love is the unknown","confidence",8,13,9,29,14,28
2,20,"anyone who dresses as a clown.","involves happiness.","have each other's back.","care about one another.","the world.","creativity.",8,23,3,20,18,29
1,48,"a criminal","is lived honourably",,,,"motivation",30,34,4,15,21,40
2,33,"Something that cannot be proven","Means something different to everyone","Are complicated","Are mysterious ","A person is not on the outside","Personality",17,17,6,16,31,31
1,18,"a stranger","is with someone you trust","can be envied ","Can be bitchy","Love","time",12,21,7,25,14,24
1,55,"religious texts","is in the eye of the beholder","for life","are inspiring","clouds","common sense",23,36,7,19,11,29
2,60,"research results.","requires devotion and effort.","would be nice to have.","are nice to have.","gratitude is heightened awareness.","why focus on the lacks...we are alive.",11,33,8,24,16,29
2,25,"men","is possible","are rough","are the best","life","courage",8,10,6,14,14,9
2,37,,"Is what you make it.","Are not anything I am familiar with.","Are your best friends for life.","Water is its constant motion.","Not caring.",12,21,6,22,19,14
1,37,"women","is one you make for yourself","should be dependable","should be compassionate","a plan that comes together","persistence",28,18,2,15,27,18
2,19,"a mustached man","is hard to find","are protectors","are comforters","a woman is as much about personality as appearance and vice versa","apathy",12,31,7,19,10,20
2,57,"anyone","is growing your own vegetables","are men","are non-existant","animals","colour",9,27,5,18,13,21
1,25,"someone who lies","is about achieving happiness","before hoes","are like mothers","life is about loving thy neighbor","do not lack happiness",13,12,2,14,14,11
1,19,"a liar","is up to interpretation","have your back","have your back","happiness","charm",8,17,2,18,13,10
1,18,"no one","deserves to be lived","are important","are lovely","the humain being","you",12,12,8,36,18,26
1,30,,,,,,,15,15,4,16,17,15
2,38,"People blindly","Consists of a book and freedom to travel all over","Are fun","Are best friends","Life is in beholding the innocent smile of a child","Having friends and family makes up for the lack",9,30,8,28,17,16
1,45,"Newt Gingrich","is being happy with your family.","are fun.","would be fun.","life is in wandering.","a can opener and titanium teeth, I realized I could only stare longingly at my can of tuna fish.",24,33,8,8,11,36
1,54,"strangers","what is it","and sisters","and brothers","the world","money",28,23,5,17,23,24
1,22,"business men and the government ","is accomplishing all your aspirations ","are ok","are ok","life is about living every moment to its fullest. So, that when you die you'll see death just as another aspect of the h","substance and self-respect. ",28,37,6,23,24,40
2,27,"anything but the facts","exists","are people too.","are people too.","life is all around, just look for it.","what I need. ;-)",10,12,5,22,14,22
1,20,"clouds. Those fluffy bastards in the sky.","is a life spent grinning stupidly.","are like cheese - one can tolerate a set amount of them, but too much and you will get the shits.","are similar to brothers, only a more fickle; a brother can be given a skateboard and not seen for the entire day, whilst","ce noir est la lune.","a laugh.",14,21,7,18,30,17
2,25,"hypocrites","a carefree one","are friends for life","partners in crime","nature","Self-integrity",17,28,5,25,19,23
2,43,"poloticians","when u feel and know you r loved and appreciated","who care","I wish I had","wild life and nature",,29,28,2,15,16,32
1,32,"going against their heart","is all around us","can come and go, but you always will have your blood brother","are something I know nothing of","life","existance",19,29,10,33,26,23
1,26,"most people.","is having the ability to do with your time whatever you please. ","are dependable. ","are caring. ","life is that you really are in complete control.","sense are most people. ",22,37,9,30,19,32
2,28,"a skinny chef.","Bar","are there to test your strength.","would be lovely to have","that is no one will know.","missing nothing.",17,23,9,13,19,34
1,23,"The government","Is at the bottom of the bottle","In arms.","Smell bad ","Art is in the eye of the beholder","A large package",18,21,2,8,8,29
2,30,"the education of others. ","is a TV show.",,,"language. ","reason. ",10,24,2,10,8,15
1,45,"The government","Is retirement","Take care of sisters","Assist brothers","Nature",,27,24,7,22,22,32
2,28,"a frenemy","is la vida loca",,,"kohl","sense",20,23,4,15,28,31
2,42,"a liar","is peaceful spacious and surrounded by beauty","would be great","are lovely most of the time","an orchid is incredible","money limits freedom and choices to explore and voyage afar",19,31,6,28,11,28
1,30,"Politicians","keeps evading me","i never had","can be nice","life","love",12,27,7,10,13,36
1,23,"traitors","is possible to achieve",,,"virgin nature","really me myself ",31,32,4,21,22,37
2,28,"others for they have their own problems to solve","is simple yet hard to obtain","none","none","nature is greater than anything manmade","direction in life, you will still get somewhere",12,14,2,8,10,20
2,20,"A cheat","Is now","Smell","Support","Swans","Modesty",13,30,8,23,15,21
2,44,"A book by it's cover","Is a free one","Get all the academic support","Of mercy","The natural world","Variety",12,12,6,18,13,28
2,44,"A book by it's cover","Is a free one","Get all the academic support","Of mercy","The natural world","Variety",12,12,6,18,13,28
1,32,,,,,,,23,30,4,18,12,23
2,31,"salesmen","laying on a beach in Hawaii","i don't have one","are a blessing","God's earth is incredible","common sense",11,17,5,11,8,20
1,38,,,,,,,8,26,7,22,27,19
2,21,"a girl who has a boy's name.","I'm living it.","are their sister's keepers.","steal clothes.","life.","gaining everything too.",18,32,8,19,14,27
1,30,"coworkers","is a life well lived","are useful to have ","are a pain in the ass","ones self is pure beuty","gaining nothing",36,35,9,26,33,39
2,30,"too much smiling","feels fulfulling","are unknown to me","are sometimes friends","this planet is amazing","love",28,17,3,8,32,29
2,19,"someone who cheats and scams to get ahead in life.","to me is being financially stable and in a good relationship with kids.","are cool, funny and fun to be around.","are also cool funny and fun to be around.","life is true honest love shared with someone who feels the same about you.","confidence is depressing.",10,24,8,17,16,21
1,27,"anybody","involves a lot of money","are your best friends","can be evil but your best friend","building a computer is in the design","common sense",22,31,2,25,27,18
2,50,"weather","is important","are a gift","love each other","life","love and money",10,16,7,29,29,7
1,48,"an Alcoholic","is traveling over seas","are supportive","are kind and compassionate","a mountain view is breath taking.","time creates a lonely feeling. ",19,33,4,19,13,21
1,18,"before analyzing all the facts.",,"are the person who motivate you!","are the person who you can share feelings with.",,,21,25,6,28,30,28
1,29,"a liar","is yet to come","unite","love","the world","still overcomes",11,18,6,22,27,26
2,51,"the weather.","comes with lots of work.","are always good fun","are best friends.","of life is love","the kitchen sink",18,32,9,14,13,33
2,40,,,,,,,8,8,2,8,11,14
1,28,"a compulsive liar.","is lived in moderation with faith in Jesus Christ for salvation.","are a gift...even if they are annoying at times.","are a gift...even if they are annoying at times.","God's love is that it is freely given as a gift.","yet lacking nothing.",29,24,3,14,11,32
2,35,"politicians","is having a loving family","are good for making you laugh","know you best","the written word","everything is lacking",14,32,7,16,11,33
1,30,"A stranger","To enjoy every single moment","Friendship","Caring","Our dream","Confident",17,23,8,34,22,25
1,23,,"is doing what you love","are nice","are ok","running","paitence",32,14,6,13,32,24
2,44,"someone who says trust me.","is elusive","can be your best friend.","can be your best friend","connecting","love",14,38,8,19,19,36
2,25,"strangers",,,,,,8,11,8,8,8,8
1,22,"absolute statements that lack an experiential context.","unifies strong intellect, powerful effort, calm and kind heart, creative passion, and perfect silence.","sit close together, each his own power radiating to uplift the other.","watch softly, absorbing all existence into serene warmth.","mind is to take whatever is given and find vividness, understanding, and an improvised best action from instinct.","certainty, I tie together assorted tangled bundles into groups, while still preserving the individual elements.",15,22,7,17,26,26
2,32,"something that sounds too good","is living a health life with people you love","are a bother but loving","are a bother but loving","life is having a happy healthy family","a smile on my face",8,14,5,12,8,27
2,43,"a politician","is made up of everything that is free","are all the men I know","are all the women I know","nature","consistency",9,31,9,24,11,21
1,25,"if some one keep lying","if they can follow their dreams","are the one you can most depend on","are the one you can most depend on","design were less likely i will choose","still have the basic needed",26,22,6,17,22,29
2,18,"a lier.","is healthy.","likes to play football.","like to play dolls.","flower looks harmony.","lives happily.",8,18,2,10,10,26
1,42,"time, it will change","going places ","are help at hand","one must have","life lies in human being and on human doing. ","motivation to go ahead.",15,8,8,28,17,8
2,20,"people who abuse you.","will come eventually","should protect you.","know how to hurt you more than anyone else.","nature is in the details","God's love would still make life worthwhile",7,25,7,8,10,30
2,28,"people who lie.","is a life true to oneself.","and sisters","and brothers","things.","living a very free and happy life.",34,22,6,22,35,30
1,39,"those who have already broken your trust","is always present if you choose to see it","are cool","are cool ","life ","personality",9,27,5,21,17,18
1,39,"politicians","is how you make it","are competitive with each other","are something that i do not have","life is in living it","hope and imagination",17,30,5,21,18,31
1,42,"what someone else heard.","starts at home.",,,,,22,30,4,23,15,33
1,42,"what someone else heard.","starts at home.",,,,,22,30,4,23,15,33
2,18,"fake","is happiness","are friends","are cute","nature","have everything",15,22,6,17,23,27
2,18,"others","is money","are gross","are cool","gray","motivation",6,6,0,6,6,6
2,58,"the devil","can be deceiving","and sisters","share a comon bond with each other","the earth is God's gift to us","eternal life with Jesus.",29,9,5,28,36,8
2,21,"your enemies.","is when you are happy.","are good teachers how to fight.","are good for borrowing clothes.","love is when you experience it.",,16,22,4,22,28,25
2,29,"anything other than one's gut instinctc","is a an authentic one","are a pain :)","are friends","nature is awe inspiring","hope for tomorrow",11,21,5,13,24,26
2,25,"liars","should be now","are loving","are fun","nature","freedom",8,27,6,19,8,25
1,48,"a deal too good to be true.","is about the journey.","are something I've never had.","are something I've never had.",,"God means lacking nothing.",22,26,5,28,19,28
1,42,"emails from nigeria","involves a lot of travel","are great","would have been nice","glaciers amazes me","fulfilment in work",19,29,7,15,26,37
2,40,"a liar",":)","and sisters","and brothers","the world.","a purpose",8,20,8,30,11,18
1,38,"a sure thing.","is a dream.","stand together.","are doing it to themselves.","life is often overshadowed by it's failings.","happiness.",14,36,7,19,10,32
2,30,"two faced liers and people crule to animals","is now!","are a pain in the ass and the best thing in the world","make good friends","undeveloped landscape","a shorter work day :)",9,23,4,20,10,28
1,29,"Strangers.","is fun.","and sisters are related.","and brothers are related.","nature is unmatched by man.","money the poor have sad lifes.",24,8,2,8,20,31
1,32,"what they read","is hard to obtain","?","?","?","?",28,30,4,20,27,32
2,29,"a skinny chef.","is a nice dream.","are nice to have around.","are like best friends.","the web is that you can find just about anything.","common sense, you can get out of most tricky situations.",8,15,6,10,10,17
1,41,"a person when you do not know their motivation.","is studying how the universe works.","should be best friends.","should be best friends.","life is learning about nature, the universe, and people.","a mind and you can still accomplish things and help people.",20,24,8,22,17,36
1,25,"those who have betrayed you before.","is the life filled with joy.","are unimaginable to me.","are missed by me.","people is judged by social norms.","what matters most.",9,15,3,10,10,13
1,25,"any government.","is free from worries and fears.","should protect their families.","should nurture their families.","freedom is masked in fear.","freedom, people can still enjoy life.",15,32,4,17,16,28
2,54,"a snake oil salesman","is freedom","and sisters should get along","are your best friends","a rose on a foggy day","common sense",16,22,8,22,18,27
1,18,"others","does not exist","are fine","are usefull","gods creatures","the determination to live",17,23,5,10,16,29
2,26,"people who show disloyalty","is when i have a family and everyone is happy","dont exist for me","are evil .. women are evil","a childs eyes intrigues me.","a sense of bleonging",9,31,8,13,11,28
2,40,"your ex-husband.","sounds wonderful but difficult to attain.","are delightful.","are any woman that love and support you.","divorce is rediscovery.","confidence I would be happy.",8,21,7,24,15,24
2,30,"someone who doesn't trust anyone.","is love, comfort and laughter.","are helpful and protective.","are good to talk to about anything.","nature can be found anywhere.","drive, willingness and ability.",21,28,9,14,21,33
1,43,"car sales people","is about the family and friends","are great","are great","life is in the contribution one makes to society","manners, Bert burped heavily at the dinner table",10,33,3,8,12,20
2,57,"someone who has betrayed them in the past","takes a lot of hard work","are wonderful!","are magnificient!","life is family","a good coat of paint",8,28,5,14,12,13
1,26,"a liar","is on a beach","I have none","I love mine","my wife is immeasurable","potential",21,21,3,14,21,27
2,33,"somebody that can not be trusted","I wish","are impossible","wear habits","everything","Gumption",18,32,5,21,18,37
2,27,"unsupported or inconclusive data","is different depending on the individual","play rough but are loyal","fight for attention","the world is waiting to be seen","able to gain",11,20,6,25,23,34
1,40,"just  one measurement.","is enjoyed through travel.","should be close.","should be close.","life is family.","the kitchen sink.",24,35,5,14,16,32
2,61,"someone who has proven themselves untrustworthy.","is a beautiful day, something fun to do, and creating something of value.","don't have any.","are a good thing, but difficult at times.","the sky is right out my window.","good friends, I could find my way.",8,30,6,14,13,28
2,25,"a person with untied shoe laces.","enjoying everyday ","can be great.","seem to be catty","sunrises ","money.",15,25,5,11,18,27
1,33,"real estate agents","is doing good work.","are men to whom you are close.","are a pain.","working hard is that you have something to show for it","a plan.",25,16,2,15,20,16
2,32,"other people","is impossible","are boys","are girls","a butterfly","fat",9,30,6,15,25,27
1,28,"Enoch Powell.","is good.","in arms.","sledge?","the machine.","a glass eye.",24,28,6,14,14,21
2,31,"but should keep an open mind","is love and laughter","teach you about life","are annoying","of life is the symposium between the abstract and perfection","an imagination",16,17,2,10,31,28
1,45,"anyone","is being secure with yourself",,,,,27,15,5,24,20,27
2,35,"an advice from someone with their own agenda","should not be taken for granted and should not encourage unnecessary splurging;  it is a favor of life and winds are fic","remain your brothers even when the relationship with them is on rocks and even when friends have retired to their homes ","read about the brothers!","peace and serenity is one of a kind.  An little baby hugging you with his tiny hands and relaxing in your arms is one pi","still having the certainty that you have not betrayed your principles means you still have SOMETHING.",27,35,7,29,20,24
1,59,"crocodile--""Never Smile at a Crocodile"" Rolf Harris","is now","we few, we happy few, we band of brothers, for every man ....."," are great","rear wheel drive.","good sense, their life was happy.",18,23,8,15,10,29
1,25,"a salesman.","is whatever makes you happy.","can learn from one another.","seem to always want to compete.","nature is awe inspiring.","an open mind is a terrible way to live.",10,13,5,19,25,35
1,20,"a man wearing a tunic","is different for every one","fight but never fall out","fall out but never fight","science is overwhelming","money will not lead to a happy life",27,16,2,16,24,30
1,45,,,,,,,25,23,6,25,25,24
2,32,"Anything ones gut says is wrong ","Love stressfree ","I wish I had them ","Are comPlicated ","The world overwelms me ","Direction",8,10,7,7,7,18
1,63,"people with criminal backgrounds","is within reach","should care for each other","are important to families","life is a miracle","health is a bad thing",25,28,10,34,35,30
2,18,"a liar.","comes from within.","should protect the family.","should be protected by the family.","children is amazing.","nothing.",11,18,10,25,20,14
2,29,"authority, at least not blindly ","is keeping things simple","from another mother","are my best friends","accepting the impermanence of life","love and laughter ",16,32,5,20,19,24
2,29,"authority, at least not blindly ","is keeping things simple","from another mother","are my best friends","accepting the impermanence of life","love and laughter ",16,32,5,20,19,24
2,63,"a liar","is a result of hard work","and sisters","and brothers","nature","having nothing",8,17,5,12,8,12
2,47,"oneself when angry, hurt, upset, or depressed","is having peace, love and joy.","like sisters can be best friends","are also best friends","life is being able to help others live free and whole","at peace with all things",8,23,6,21,8,8
2,21,"yourself","leads to indulgence","and sisters","of the realm","chaos","zazz",13,37,6,8,10,36
1,25,,,,,,,12,24,5,13,8,28
1,33,"Junkies.","Is possible.","And sisters pump up the volume.","Are doing for themselves. ","Delegation is that it empowers your subordinate. ","A verb. ",19,38,8,16,11,39
2,31,"people you dont know","family, health and wealth","none","loving and supportive","love","direction",18,9,6,20,13,13
1,61,"anything","is the good life","and sisters","and brothers","knowledge","the most important thing",24,34,9,22,21,31
2,32,"liar","for all","in arms","like moms","nature","happy",28,22,4,24,26,26
2,33,"a liar","is finding new things to do.","are not a part of my life.","are not a part of my life.","world is endless.","the knowledge somehow you can always become a better person.",8,20,4,15,20,26
1,37,"anyone with spending time with them","consist of contentment with oneself","is not just born in the same family","is not just born in the same family","a person lies not is the outer looks alone","persevering on despite not having everything",31,26,7,23,22,22
1,43,,,,,,,8,26,4,7,8,10
1,56,,,,,,,28,22,4,18,21,16
1,42,"advertising","living life as yourself","best friends",,"being yourself",,17,25,3,14,17,24
1,54,"men in uniform",,,,,,31,19,5,11,21,40
1,33,"the government!","is yours to create","can be mean!","are often caring","everything is there for people to see","life",29,18,7,19,22,28
2,48,"a used car salesman.","for me.","in arms.","are friends.","a rose is like no other.","love.",15,12,6,12,33,24
2,65,"something too good to be true.","would be interesting things to do or read and the time to do them.","are a mixed lot, but nice to have for the most part.","are appreciated much more in later life than when young.","the earth, and the cosmos, and how it all works.","optimism.",17,34,6,19,19,30
2,65,"something too good to be true.","would be interesting things to do or read and the time to do them.","are a mixed lot, but nice to have for the most part.","are appreciated much more in later life than when young.","the earth, and the cosmos, and how it all works.","optimism.",17,34,6,19,19,30
2,23,"What one cannot touch","Is one that invokes giving of yourself to those in need","Are best friends","n/A","Nature","Love",8,16,10,8,17,16
1,35,"evil","christian",2,0,"art","thank for everything",23,22,11,22,25,23
1,43,"The untrustworthy","has balance","are male","are female","art","understanding",14,36,6,11,9,33
2,18,,,,,,,10,10,7,9,26,13
1,28,"cheaters","is created","are helping hands","are so caring","nature is immense","happiness",24,30,9,25,33,33
2,29,,,,,,,0,11,0,3,0,0
1,25,"a liar","is fun","I don't have","can be sunshine or a pain in the ass","the underwater world is amazing","self awareness",15,27,4,30,15,32
1,50,"door to door salesmen","is to have control over how you spend your time","help you","care about you","philosophy","ideas",21,27,6,24,29,35
1,38,"liers.","should be a simple life.","in arms","of god","simlicity","wanting nothing",18,33,3,12,14,31
2,20,"men.","involves laughing everyday.","are crazy.","can be annoying.","a sunrise can was away any sadness from the past day.","a big heart.",9,24,7,15,8,19
3,38,"because people aren't trustworthy","is a life with God involved.","are typically seen as boys.","live in a nunnery.","cats is amazing!","the kitchen sink?",13,17,2,12,21,25
2,42,"a machine, if you can't see where it keeps its brains.","is to live simply and help others.","are quiet.","are bossy.","what you love should be what you do.","a kind heart and a wise soul.",11,35,8,25,25,20
2,21,"politicians","experiencing and travelling with people you love","are always there and fun to play with","are good to talk to","ingenuity","love",8,25,4,26,10,8
2,47,"Open water","Is hard to find","In arms","In soul","The moment","An answer",14,27,5,17,10,36
1,23,"The intentions of others","is being in control","will fight for you","borrow all my bloody money","it is, I'm not wearing any trousers","a large scrotum",21,35,4,18,9,29
1,51,"people in sales positions.","is being with people you love and love you.","are important.","are important.","life is furtive.","family.",21,27,5,21,14,27
2,21,"a stranger","starts when you enjoy little things","are cool","are awesome","a person isn't the outside but from the inside","love",23,31,7,10,14,23
1,35,"a liar","is not where I am. It is creating something and having a sense of value","are supportive but I will always be the younger brother","are loving and are good mothers","life is being lost in my current job","hope that one day I will find my worth and purpose",8,27,3,15,8,25
1,35,"rumours","is being yourself.","should stick together.","have to control their voice & behavior.","communication is to speak only when needed.","more on exploring our potentials.",15,24,8,25,19,12
2,19,"impossibility.","is one filled with love.","are somehow sweet.","make up a noisy market.","world depending how you see it.","self esteem and pride.",16,26,8,23,16,15
2,19,"impossibility.","is one filled with love.","are somehow sweet.","make up a noisy market.","world depending how you see it.","self esteem and pride.",16,26,8,23,16,15
2,18,"appearences","begin with good health","will always be brothers","will always be sisters","a lake is what is outside it","air",16,32,8,20,16,25
2,19,"a person that doesn't give his or her true heart.","is a happy and joyful life.","I don't have one.","are the one that lead us in my life.","nature is the environment that is free of polution.","still be an optimistic person and fight for everything.",21,22,6,25,20,15
1,32,"a banker","is work-free","are good","are good","nature","love",13,24,6,12,15,28
1,32,"a banker","is work-free","are good","are good","nature","love",13,24,6,12,15,28
1,24,"strangers","is a myth","one","none","the beast","confidence",8,30,2,21,12,11
1,23,"Anyone but themselves","Is having a good family you are able to support ","Are important ","Are important","Life is to appreciate everything aroun you","Determination",25,14,8,25,12,19
1,23,"Anyone but themselves","Is having a good family you are able to support ","Are important ","Are important","Life is to appreciate everything aroun you","Determination",25,14,8,25,12,19
1,44,"used car salesmen","is a noble goal","in arms","are doing it for themselves","nature","substance",28,11,6,23,27,22
1,59,"people","going to church","wish mine were still with me","love both of mine","being alone","fear",12,14,5,20,20,16
2,20,"the bad person","cum from help people","are handsome  guy in the world","is cute","bella","not in confident",20,9,6,14,15,32
2,18,,,,,,,24,25,6,33,21,19
2,19,"oneself. ","ends when you have kids.","may be hard to handle.",", let's all listen to what Sister Mary has to say.","this tree is extraordinary.","joy, she was rather a common individual.",11,35,4,9,9,34
1,54,"any offer that seems way too good.","is better when surrounded by people you love and trust.","are life's introduction to the concept of competition.","are often a pain in the ass.","nature is always staggering to me.","friends, you probably can come out alright in the end.",11,27,5,19,15,14
1,36,"what you read","is being home working on my farm with family","can be your worst enemy and your best friend","should always get along, but dont","everything put together in nature","still gets the job done",24,20,5,19,23,32
2,33,"someone who has lied about something important","is possible","are friends","are friends","the world is what you make of it","nothing",24,30,8,34,22,22
1,29,"without critically thinking.","is a life where you're happy.","all mature differently.","not much experience.","nature.","the kitchen sink.",13,18,6,15,17,31
2,48,"people who say they are good at everything","is one where you are surrounded by people you love","must be fun, but I've never had one so wouldn't know.","are wonderful, supportive, fun but can be tricky","nature enthralls me and inspires me to live a good life","a simple life is is the road to happiness",25,33,9,24,21,28
2,53,"television commercials","is yours for the asking","are fine","are fine","life is simple","desire",23,24,6,19,16,14
2,71,"anyone who promises easy ways to make much money or have money given to you.","for me would be sufficient security to own a nice home, have good health, good friends, healthy and happy children and e","are not a subject I am familiar with.  ","are indispensable and can be fun and loving.","gardens and mountains I appreciate.","determination, my life could have been much less satisfying than it has been.",14,34,7,19,21,34
2,59,"that they know all the details","is what you make it","don't have any","are friends for life","grandchildren is immeasureable","a sense of who I am",12,9,4,24,19,10
2,54,"when people say they care about you ","sitting in front of or in back of cottage music, water, flowers friends","are very important there caring can save your life","are some one you care that nothing bad happens to them","life is to love and be loved and to know you are safe and free","always having hope that will find what you need to be happy",8,20,10,23,24,28
1,46,"anyone over thirty","is not possible","in arms","are different than brothers","music","an idea",21,32,5,17,10,26
1,21,"your enemy.","is sitting on a beach drinking beer.","are forever.","are forever.","world.","your soul.",20,23,7,21,16,17
1,32,"a Lawyer.","is one that is worked hard for.","should not fight amongst one another.","should stick together.","life is that it is fleeting.","having conviction is better than nothing at all.",12,22,8,23,20,29
2,18,"someone who's already proven themselves unloyal.","is sitting on a beach with a frozen drink in my hand. ","are fun most of the time.","are my best friends.","carrie underwood is not real.","common sense.",9,13,4,28,22,10
1,45,"a clown with small feet","of a dog","in arms","of battle","life","morals",12,28,3,13,17,30
2,55,"a politician","is wonderful","are great","something i never had","people","heart",24,28,6,26,24,27
2,24,"someone who hurt you before","is being free to do whatever you want ","may be nice or annoying.","may be nice or annoying.","nature is nice.","fun would be fine.",8,30,6,16,10,12
2,35,"a rabid monkey with a sword and a gun.","gets even better.","are male siblings.","are doin' it for themselves.","marshmellows, toasted properly, can be sublime.","persevering anyway, the faction was victorious.",28,17,9,26,27,28
2,56,"a sleeping dog","comes after struggle","are best friends","can be trouble","a baby's smile","peace",17,19,7,19,19,24
2,18,"anyone","is a quest for knowledge","are fun","are bitches","life","experience",11,34,4,21,15,30
2,21,"Anyone","Is simple","Are nice","Are complex","Nature","Love",11,12,7,10,15,25
2,35,"pthers","is a free life","and sisters","and brothers","life","happy",19,24,7,18,24,33
1,29,"an enemy","is the simple life","are loyal","are smart","the sky","ambition",26,33,6,19,17,33
2,31,"a liar","is being self-sufficient","are close to each other","are something I've always wanted","design is simplicity","ourselves",18,28,6,16,14,27
1,60,"anyone completely, but God","is ours through hard work and effort","are like friends","are dear","holiness","love",16,25,8,26,22,14
1,57,"strangers you have no knowledge about","is to be with good friends","are made for each other","compliment each other","nature is special","good manners",21,17,8,33,22,32
2,29,"everything they hear","is what makes you happy","are challenging","are loving","life is all around us","still having something",21,29,7,23,19,18
1,44,"everything they read.","means being loving unconditionally and being loved unconditionally.","Are a view to our mothers","Are a view to our fathers","nature is never wholly replicated by man.","the knowledge that life is incredibly precious and fleeting.",11,27,4,12,7,23
1,53,"self interest","is relaxing","are hard","are okay","women","time",19,29,4,14,17,34
1,18,"A liar","is having freinds and being happy","have a bond","talk","music","hair",23,39,3,11,15,16
1,34,,,,,,,19,35,9,23,13,33
2,35,"others",,,,,,8,8,3,10,8,18
1,20,"again","is happy life","should be friends","should be best friends","heart","happiness",22,33,5,24,33,19
2,58,,,,,,,12,21,9,34,17,14
1,31,"in the status quo","cannot be achieved permanently, but I believe most of us have experienced it","should try to be together","should try to be together too","life is found when you look. Just look.","empathy",14,24,3,13,18,29
1,31,"statistics","is good","are brothers","are sisters","nature","you",19,27,4,16,14,37
1,18,,,,,,,8,8,2,8,8,8
2,18,"some one who says ""trust me""","is laying on a beach with a good book","are best friends","are best friends","life is you never know when its over","faith",13,29,3,20,10,25
2,30,"liars","is one filled with passion","are good to have.","are good to have","life is that you have many choices.","hope",8,15,6,8,8,12
1,19,"anything that bothers their instinct.","consists of luxury and refined sophistication.","are best when protective.","are good listeners.","life is chaos.","wisdom can still ensure a person's survival.",13,28,4,23,20,26
2,27,"a liar","should be centered on happiness","are a good thing to have","are best friends you can never lose","me is you","the career i will love on good days and bad days",8,12,4,10,11,32
2,27,"in men.","is as good as you make it.","are to protect.","are to befriend.","life is nature.","two sense.",8,29,8,9,9,39
2,23,"anyone","is being happy and financially secure","are annoying","always are there for one another","a perfect sunset is amazing!","love",17,19,7,23,16,35
2,24,"strangers",,,,"life","opportunity",8,21,6,26,14,20
2,19,"a lion not to try to kill you","is all about being happy","are something I never had","are best friends for a lifetime","blue","pollution",17,33,8,21,20,33
1,30,"psychologists","is not easy to obtain","are reliable","are reliant","the matter is to be discovered","love",8,25,4,23,12,20
1,32,"a schemer.","is a happy life.",,,,"common sense.",24,26,6,24,25,25
2,19,"a salesman.","is hard to get.","in arms","of Mercy","the world","life",15,31,6,18,11,25
2,23,,,,,,,16,25,6,30,26,23
2,58,"a liar","is about friends and families","are important to me.","are important to me","art is invigorating","kindness",11,23,0,14,15,27
2,20,"a man that sleep with a different woman every night","is finding way to express your true self and true love","should always be forgiven.","should always be forgiven. ","true connection, true understanding and true art","love and passion for making something is a great state.",8,22,5,8,8,15
1,44,"door to door sales people.","is playing golf.","help each other in tough times.","care about you.","nature is one of the best things in life.","common sense.",14,26,7,26,18,12
2,29,"a liar","will be mine soon","sounds great, i wish i had one","are great. I love mine.","life still escapes me","love",10,15,4,22,19,18
2,39,"liars","is here","are obnixious","are nice","the outdoors is it is not inside","street smarts",8,8,2,8,18,8
2,26,"monkeys","is the simple life","are mysterious","are best friends","expert simplicity","heart",21,37,9,22,24,13
2,38,"politicians","involves growing vegetables","in arms","are doin' it for themselves","the mountains","the kitchen sink",21,26,7,22,10,33
1,28,"politicians.","is hard to keep.","lend me your ears.","join hands.","things are in the details.","a butterknife.",32,19,5,10,15,25
2,21,,,,,,,20,26,8,29,27,22
2,55,"new friends","is being happy with yourself",2,2,"life","love",27,6,9,19,21,30
2,26,"the word ""never""","is neither good nor bad","are often men","are often women","humanity is inspiring","one cannot be ""finished"" or ""complete""",21,16,4,12,10,20
2,25,"someone who has betrayed you.","is finding happiness in relationships, not stuff.","are not in my family.","can be a giant pain in the ass.","nature is important.","sandwiches.",19,18,9,27,36,24
1,25,"a stranger too much.","is to give happiness to your loved ones.","should support each other.","should support each other.","life is its diversity.","hope.",26,28,7,19,21,40
1,29,,,,,,,19,22,3,11,23,23
1,29,,,,,,,19,22,3,11,23,23
1,37,,,,,,,10,34,6,20,18,26
1,30,"aliens","involves drinking","have mothers","have hairbrushes","duty","needs",23,24,3,11,21,33
1,55,"Somebody who has betrayed you","Is experienced by helping others","Are always at hand to help you","Always concerned about you","A person lies inside","Having love in your heart is everything b",19,36,6,34,26,37
2,62,"a car salesman","is with you every day","in arms","are forever","daily life","money",8,24,7,17,19,15
2,62,"a car salesman","is with you every day","in arms","are forever","daily life","money",8,24,7,17,19,15
2,28,"the advertisements.","is to be among friends and family.","let's go fishing!","lets rock!","nature is greater than anything that can be made in a factory.","pen and paper you can still do math.",20,22,6,24,17,30
1,31,"anything without knowing all the facts.","comes from experience and being happy with what you have.","will never tell you in their trouble or need help.","will never make up their mind or know what they want.","the female body is experiencing it one finger at a time.","determination will not get your far.",30,26,2,10,16,14
1,47,"duplicitous people","is what you make it to be","are good to have in a pinch","are great to talk to","truth is its simplicity in the final analysis","still smiling",25,33,7,25,23,25
2,43,"anyone.","is enjoying what you have.","are friends.","are friends.","God's creations.","a good heart.",24,11,2,8,18,32
2,31,"politicians","is something everyone can have","in arms","sometimes lie","life is all around us","imagination",9,33,5,10,10,21
1,34,"greedy people.","involves friends, family, and the outdoors.","are great, but I don't have one.","are great and I am lucky to have my sister!","life is the journey.","a job I enjoy and that's why I am looking for one that I am more passionate about!",21,16,6,15,15,25
2,22,"completely. ","is well earned. ","are reckless.","are aggravating but wonderful. ","God is inherent in everything. ","gumption. ",8,28,9,17,9,26
2,35,"a politician","is being on the beach","are sarcastic brats","are undependable","life is love","family",8,27,4,20,26,11
2,51,"people who say ""trust me"" too much","is being happy and surrounded by friends and family who make you feel special",,"are the best connection we have to ourselves","everything is manifested in the tiny everyday objects all around us. We just have to take the time to look around and no","the right attitude",17,32,9,22,16,21
1,55,"the opinions of others without researching the facts","is a balance of the physical, emotional, intellectual and spiritual","are examples of what it is to be male","are examples of what it is to be female","life is the ability to experience it fully","a direction, I plod on",18,24,2,15,19,32
2,26,"in everything they are told","means freedom ","are to live for","are friends","love is in it's complexity","hope is unimaginable",9,24,2,13,8,13
1,18,,,,,,,19,16,8,34,16,15
1,34,,,,,,,27,18,7,19,15,33
2,57,"except on the basis of intuition.","is green meadows, peace, a book, paper and paint.","are relatives, but not necessarily friends.","are relatives, but not necessarily friends.","nature is a constant.","food, paper, and pen is survivable. ",9,24,8,16,14,10
2,18,"those who lie","is when play more games","are boy","are girls","face when they have long teeth","i'm still can live happily",22,30,3,21,13,31
2,37,"a politician","eludes me","are a pain in the ass","are precious","the world is astounding","a teapot",13,11,2,12,12,21
1,35,"liers","is pursuing one's desires","and sisters","and brothers","moral integrity","intellect",25,14,2,21,23,32
2,20,"people they don't know.","involves being happy with all aspects of your life.","are fun to have around and always there for you.","are good to talk to and have fun with.","life is seen when your truly happy.","there is always a way out.",16,20,4,23,28,20
2,40,"anyone but themselves 100%.","has great friends, family and lots of laughter.","help you move!","are one of your very best friends.","nature needs to be enjoyed slowly.","books",15,17,6,20,30,22
1,28,"Feelings alone.","To live free, with with a clear conscience, with those you love, in a log home I the country.","Would have been nice.","Are complicated","Truth","Time.",28,24,6,16,18,31
1,37,"those who say ""Trust me"".","is the simple things","n/a","n/a","children is lifes biggest and best reward","wanting for nothing.",31,24,6,24,28,29
2,28,"majority","is based on solidarity and not on competition","are siblings","are siblings","possibilities","ideas",13,23,7,18,9,28
1,48,"strangers","of a man","are important","are problematic","human life","money",19,24,5,19,24,24
2,32,"People","Is short","Are bastards ","Are sweet","Life","Nothing",27,28,8,24,26,29
1,33,"a lier","is doing what you like","are great","woiuld be nice?","nature surpasses in the creations of man in every way","friends",31,27,3,10,27,36
1,23,"Ads","Is a fulfilling one","Havevdicks","Have snatches ","Something is subjective","Style",16,19,7,9,16,20
1,23,"What doesn't feel right ","Is what I would like to live","Are nice competition","Need to be looked after","Life itself ","The hunger for knowledge",14,25,9,27,38,28
1,52,"skinny cooks","starts with me and my family","i have 3 of them","unfortunately had none","a rose is just great","we can work on that",19,39,10,35,19,37
2,19,"people","is far away","are stressful","are gone","nature","peace",8,8,2,22,20,12
1,21,"bad people.","is constantly changing and complete.","befor Hoes."," are good, especially if you got em both.","life itself makes it worth living.","my meducation.",25,26,6,28,25,26
2,43,"emials asking for money!","is having prosperity in time, love, money and health","are always there for you","love each other","the Universe","a sense of oneself",10,29,9,15,21,22
1,44,"a politician","means getting out of my job",,,"nature","freedom",20,27,7,24,13,37
2,30,"strangers","is someplace warm","and sisters","and brothers","life","knowledge",11,22,5,17,23,25
1,31,"Anyone that is Not able to look directly into your eyes","Be healthy , raise a family and support people in need.","Do not have necessarily to be from the own blood, since good friends are closer than brothers.","Also do not necessarily be from own blood.","Life is to be happy and share the happiness with others.","Health, love and simple appreciation (compassion) for others.",11,10,9,12,17,19
2,21,"people","doesn't last forever","none","dead","peace","work",8,24,2,18,12,19
1,36,"a criminal","is relaxing","bond together","fight all the time","playing boardgames","common sense",21,12,2,12,24,22
1,33,"a lawer","is newer boring",,,,,14,31,3,14,8,34
2,22,"politics","mother","security","freedom","nature","crow",29,21,6,17,26,38
2,30,"a salesman.","is easier to find for some than others.","are loved.","are what I call my best friends.","children.","confidence.",28,16,7,18,27,31
1,40,"strangers","is all we need","care for one another","should keep each others secret","this world should be cherished","loving oneself",29,24,7,27,28,24
2,19,"a person who carries tales","lived at its best when dealt like a vacation","secure","compassion","life","passion",12,18,6,32,16,30
2,39,"a stranger.","is good enough.","are men.","are women","nature is deeper than skin-deep.","happiness.",24,31,7,19,13,32
2,22,"a fish","should be simple","can screw up real bad","should stick together but seldom do","decadence","confidence",8,31,8,17,16,14
2,25,"someone that takes advantage of you."," is family, love and happiness.","are protective, but will always be boys.","are best friends.","life is every moment is absolutely unique and will never be repeated.","nothing.",8,37,7,24,8,22
2,41,"A traveling salesman","Is available now ","Eat a lot","Share secrets","The world","Trouble",18,29,8,20,17,33
2,23,"a college dropout.","isn't always good.","are cool.","are cool.","atheism.","common sense.",8,9,0,9,15,8
2,22,"a stranger.",,"from another mother.","from another mister.","it all.","confidence.",26,19,5,12,22,26
1,56,"the weather","is often now","and sisters","and brothers","holiness","but love",16,36,9,19,10,32
1,49,,,,,,,32,25,8,23,29,35
1,54,"anyone","is diffcult","unpredictable","helpful and needy","life","love",25,17,6,28,21,23
2,57,"appearances","doesn't exist","are lazy","are ambiguous","nature","time",8,25,2,8,10,22
2,27,"liar","is a process ","are friends for their sisters","are friends for their sisters","life","grateful",14,29,5,26,19,26
2,22,"a liar.","is one filled with love and happiness.","are overportective in the best of ways.","are always there for you.","individuals is in the eye of the beholder.","common sense.",11,26,8,24,17,21
2,27,"a politician","is simple","are related to you","are manipulative ","a starry night is unparalleled","a good man to be there for me",8,21,2,10,8,21
2,18,"oneself completely.","is attainable by those of us who know how to love.","ignore.","overpower.","the skies above.","a spirit of dedication and perseverance.",21,33,7,21,14,34
2,25,,,,,,,24,16,8,10,13,29
1,52,"a salesman","rolls","im arms","are pain","women","fun",11,12,2,26,26,9
2,23,"someone who isn't calm","is about love, freedom and success.","are best friends","are best friends as well.","life is creating what you want out of it","still have the gift of life",15,24,6,20,18,16
1,18,"strangers","is by maintaining a healthy lifestyle","forever","care","the God is the preetiest","knowing many",15,14,5,18,23,23
2,24,"a solicitor","is an honest life","are fun","are protective","loving somone","a sense of humour",29,27,8,24,20,29
2,26,"everything they read","is simple","only have one","may have been nice","life is people.","the want.",17,27,7,24,20,28
2,26,"everything they read","is simple","only have one","may have been nice","life is people.","the want.",17,27,7,24,20,28
1,27,"big companies","is a nice vacation","would be fun to have","have no penis","travel","talent",17,32,6,20,11,35
1,37,"A beautiful women","Is freedom","Are hard to find","Are troublsom","A person is there love","Still got your mind",21,18,4,26,12,22
3,23,"religious officials","is no anxiety","are gross","are a handful","the beach","money",17,14,5,26,22,23
2,52,"in God","starts here","fight","fight too","it all ","sense",12,37,8,26,12,30
2,32,"anyone","holidays","love each other","fight","sunshine","nothing",9,18,3,15,19,18
2,28,"a computer.","is not hard to get.","are good to have.","are very good to have.","art.","speed.",23,24,10,25,33,32
2,25,"people they don't know. ","is vacationing every year","protect you.","are the love of my life.","life goes unnoticed too often.","a car.",10,23,5,20,23,25
2,63,"an idiot","is exciting","drift away","are friends forever","this world is indiscribable","health is stll good",24,28,6,22,29,39
2,30,"a liar","is being surrounded by family","are the best things in life","nag you too much","the world","love",10,30,6,16,18,20
2,22,"authority","will end","are friends","are annoying","learning about the world","empathy",12,12,6,16,24,25
2,36,"strangers ","is contentment ","take care of their sisters","are lifelong friends","simplicity","substance",12,37,9,24,13,14
2,24,"a religious man.","has a swimming pool","I don't have any.","I don't have any.","a cat is loveliest.","dignity.",17,23,9,27,25,40
2,34,"A stranger","Is my life","Don't know","Dont know","The undiscovered world","Personality",9,11,7,29,23,17
2,24,"anyone","doesn't exist","are such a pain.","have a lot of drama.","life is unimaginable.","money.",11,11,5,17,23,17
2,43,"the media.","includes time with family and friends.","can be helpful to younger siblings.","are the best of friends. ","nature, is that it reinvents itself every season.","nothing, when you have people who love you.",8,30,7,26,26,25
3,62,"SOMEONE WHO CAN'T LOOK INTO YOUR EYES WHILE TALKING","IS BEING HAPPY, HEALTH, AND PRODUCTIVE","ARE GOOD TO HAVE WHEN YOU CAN COMMUNICATE","ARE GOOD TO HAVE WHEN THERE IS COMMUNICATION","LIVING IS TAKING THE TIME TO NOTICE IT ALL IN A POSITIVE LIGHT WHEN POSSIBLE","THE DESIRE TO OBTAIN WHAT I WANT IN LIFE",16,33,8,25,20,19
1,37,"someone else's results","is one enjoyed","are chosen","are loving","life is to live it","excitement at work",12,10,5,12,16,25
1,53,"a politician","is something I aspire to","are rough and tumble","help each other","a rose","energy",21,23,10,20,26,28
2,28,"Other people to do their work","I wish I had it",,,,,10,29,10,31,12,18
2,29,"that anyone besides god is perfect","is the best that you can","are there","are there","life is based on your individual opinion","having everything",28,18,5,12,18,29
2,27,"anyone","weekends off and enough money to comfortably support my family","little buddy","best friend","life","intelligence",29,10,2,34,27,24
1,18,"what they can not prove.","is awesome.","would be cool.","are frustrating.","life is amazing.","still moving forward.",12,9,3,19,9,24
2,40,"emotions","is finding contentment and being loved","are a gift","can be sisters of faith","life is that we can learn from mistakes","money still doesn't mean you are miserable.  Happiness cannot be bought!",13,30,5,13,17,23
1,54,"the Internet","is fading fast","are always there.","are always there","it all","needing nothing",25,21,6,17,16,19
1,34,,,,,,,10,17,5,24,28,30
2,53,"sociopaths","is within you","family","family","life","love",9,18,7,11,8,14
1,30,"A known liar","Is he one you want","Are always there","Are too","Life is that you are constantly creating it","Money",18,36,6,23,19,29
2,32,"Someone who has prove themself untrustworthy","Is achievable with hard work","Are the sons of your mother","Are better","A perfect day.","Self reliance.",16,30,6,19,17,37
1,22,"those who seem too nice","is one without worry","are funny","are catty","the universe","humility",9,21,3,13,15,20
2,43,"a stranger","is what we are all seeking","and sisters","and mothers","living","confidence",13,25,5,26,25,20
2,23,,,,,"Life",,22,11,4,8,19,26
2,55,"the data.","offers freedom.","are something I don't have.","are something I don't have.","nature is awesome.","lovr for my children.",13,18,4,16,11,19
2,39,"the official explanation","is the simple life","watch out for each other ","do not have to like each other","life lies in giving to others","common sense",13,31,6,14,13,25
1,47,"that you will always get what you deserve.","is not about money, fame and worldly success.","In Christ are to be cherished.","often fight and bicker but should learn to love andvalue each other.","heaven is immeasuaribly greater than anything we can imgaine.","grace we come into the world",25,25,4,15,29,34
1,30,"in the apparent","is elusive","run together","know each other","the perishable","gravitas",18,27,6,27,15,31
1,32,"a bald barber.","comes to those whom are good stewards.","have your back.","always remember your birthday.","life is in the eye of the beholder.","wanting for nothing.",25,30,4,23,22,19
2,37,"a shady person","is worth living","in blood ","for life","children","good looks",30,36,10,32,40,32
2,34,"another until they earn your trust.","is one with alot of family that loves you.","and sisters.","and brothers.","life.","brains.",13,29,6,23,25,10
2,29,,,,,,,18,14,7,26,30,25
1,22,"bad people","is a life worth looking for","can be depended on","will be there to talk","creation","substance",26,32,5,14,16,24
1,43,"criminals","is fun","fight",,"life","satisfaction",11,9,4,11,19,11
2,36,"all that is said","exists","are forever","are loving","nature","love",10,31,10,33,21,17
1,35,"ambitious people","is simple","are loyal","are caring","children","love",22,11,7,18,29,16
2,52,"I don't know what one should NEVER trust...trust your own instincts.","is what you make of it.","are the BEST!","are friends forever.","nature and life and GOD.","the kitchen sink!",8,26,10,22,13,12
2,43,,,,,,,9,7,0,10,16,17
2,26,,,,,,,14,30,7,30,18,38
2,38,"animals. ","when relaxing on the beach, under an umbrella sipping a pinacolda","have courage, direction and leadership.","never had one.","trees is amazing because they are all very individual. ","gaining everything in knowledge with a little hard work. ",35,28,6,29,35,27
1,29,,"is already here.","are solid.","are too.","life is choice.","having everything.",10,22,5,18,8,12
2,32,"people.","is more than just a life of financial independence but one that includes family.",,,"seeing the world through a child's eyes.",,11,13,5,25,27,20
2,44,"themselves","is with family","are a blessing","are a joy","life is  experience","grateful for it all",12,31,10,14,17,28
2,37,"people they just met","it is what I have but i am still lacking something","I do not have any","neither","being a mother","love",8,13,9,26,8,10
2,39,"a poker player","is about family","are a blessing","are best friends","people makes the world go round","never giving up",10,30,8,16,17,24
2,25,"thier enemies. ","is what you make of it. ","are silly. ","are forever.","life.","courage.",13,21,7,28,26,18
2,32,"people who lie all the time","is a happy life","are like substitue Dads","are wonderful to have","life is living it","common sense",8,14,10,26,27,8
2,33,"political figures","has no stress","love their mommas!","have a wonderul lifetime bond!","being a mom is gettting to see you your children smile","confidence",19,14,5,32,21,32
2,55,"a lawyer","is golden","and Sisters","are best friends","lige","common sense",21,33,6,15,16,37
2,25,,,,,,,12,16,2,12,16,20
1,22,"an untrustworthy person","is an excellent tv show","and sisters","of the world","God's creation","one small thing",19,23,9,24,23,30
2,48,"A broken bridge","finiancially independat","are ok","dont have any","life","love",19,26,10,28,39,32
2,34,"People at Work","Is one filled with babies, no money worries, fun, laughter, friends & Family & Nature","I always wanted a big brother but they aren't as social as girls","Sisters are great when you get older, I laugh harder with my sister than anyone","Children and the way they learn and grow, and the beauty of nature and our King Charles Puppy","Direction, as I feel all over the place career wise.",9,27,7,19,9,32
2,55,"Co workers","Is freedon","Don't have","Don't have","The sunset","Working to get it",6,12,2,10,10,18
2,25,"the person who cheated her once","can be achieved by being together with people you love and doing what you like to do","usually fight for money","usually become good friends","music is easy to see.","family and best friends ",15,40,8,32,16,26
1,21,"people whose motivations you don't know","is simple",,,"life","certainty",23,33,8,19,16,39
2,39,"the government.","is within reach.","from another mother.","from another mister.","nature.","confidence.",14,24,6,18,24,15
1,42,"the government.","is on a beach!","I have none.","I have none.","life is being happy.","my wife and daughter.",21,21,6,16,27,22
1,42,"greeks bearing gifts.","normally requires hard work.","are a pain in the neck.","are female siblings","Glencoe inspires poets","the will to do it",19,38,7,21,14,31
1,52,"someone without friends","sounds like a good idea","are something I wish I had",", all 5 of them, have been a joy in my life","the earth is a great gift from God","loving is enough",20,31,7,25,23,20
2,21,"an enemy","is the simple life","are fun.","are fun.","life.","direction",10,12,4,12,15,12
1,20,"evil people.","is the best life","are blood","are blood","life, is to who ever wants to see it ","gaining everything else",9,13,3,11,10,21
1,19,"an ex lover","is finding happiness","fight","fight","the dawn of a new day","style",17,11,4,21,16,30
2,49,"politicians","financially self-sufficient and healthy","Okay","Okay","nature","making do with what one has.",27,27,8,22,22,28
1,32,"that one speaks for the many.","is spent with the ones who want you around the most.","are helpful.","are unknown to me.","life is a secret.","drive.",18,18,4,29,23,18
2,25,"the government.","is loving what you do. ","are usually biologically male.","are usually biologically female.","nature is in everything we do.","brains.",21,19,1,14,13,38
2,25,"liars","is good","be trippin'","be slippin'","nothing","vigor",9,22,6,18,13,18
1,24,"the government.","is one worth living.","are annoying.","are sweet.","life is its complexity.","a roof over my head.",24,30,9,22,16,38
2,34,"a compulsive liar.","is having sufficient time to enjoy it.","don't shake hands. Brothers hug.","make the best friends.","life is seen through the eyes of children.","love, the fool shot himself. ",9,20,7,8,15,30
1,42,"the government.","is a life lived in peace and harmony.","are male siblings.","are female siblings.","life is all around us.","imagination.",19,38,7,23,13,36
1,58,"any person","is free","share one father","are beautyful","creation","love",28,33,8,25,21,39
1,29,"Enemy","Happiness","are there for you","are there for you","life","interest/motivation",17,7,4,28,33,13
2,34,"that things will stay the same","begins tomorrow","understand","of the revolution","spring","common sense",15,31,4,16,28,10
2,19,"someone who has repeatedly lied to them.","is never far away, you just have to work for it. ","are always there for their little sisters (or at least mine are).","would be nice to have.","God's creations are everywhere in every single person's life. ","a good sense of humor, a good personality, and brains will get you far in life.",21,25,5,28,28,25
1,21,"their relatives","is peaceful ","should be good friends","should be good friends","life is to live like my father ","happy ",31,22,8,24,29,35
1,24,"the constancy of life.","involves little.","involve males","involve females","everything is in perception","satisfaction is having everything.",22,28,6,23,24,26
2,39,"someone who can't look you in the eyes","is living adn loving","and sisters","are great","life","confidence",16,27,6,20,18,24
2,38,"in the actions of someone who has betrayed them before.","comprises health, happiness and love.","would have been nice.","are a blessing and a curse; but mostly a blessing.","life is in the moments, not in the achievements.","wisdom, he decided to proceed.",20,27,7,21,16,32
1,29,"politicians or banks","is to have time to do what we love with whom we love","one",,,,24,28,5,20,22,35
1,34,"negative people","comes from hard work","give me soul","give me heart","my life is my daughter","happiness",18,33,9,25,24,27
2,19,"someone you do not know well.","when God is in it.","are good to have when needing to talk to a male figure.","are your best friends that are in your family.","learning is endless.","intelligence.",16,23,10,24,24,31
1,34,"people with an extensive criminal record","is spend in the company of loved ones","are helpful most of the time","are helpful most of the time","life is relative","a partner in a long-term relationship is not such a big deal",14,8,4,8,34,21
2,42,"someone until they earn trust","is having great friends and family","protect you","are awesome","life is family","love",19,23,6,22,11,30
2,26,"anyone","is something I want","are silly","are wonderful","a dog","wanting everything",20,8,2,11,28,14
2,39,"the goverment","is a myth","protect","are there for us","nature","drama",22,22,10,26,24,21
2,23,"salespeople","is meant to be lived","and sisters","and brothers","nature","style",10,8,5,24,29,10
2,39,"snakes","is simple living","and sisters"," and brothers","nature","love",26,20,5,19,23,34
1,32,"anyone","happy family","annoyance","dont have any","earth","personality",17,15,5,10,12,39
2,30,"every person that you meet","has more to do with your attitude than I'd like to admit","are something I know nothing about.","are something I know little about","small things should receive more attention","jealousy",22,23,5,18,15,16
2,33,"someone who already lied once.","is hard to attain.","protect you.","befriend you.","a majestic sunset.","love.",14,24,8,26,15,13
1,35,"mainstream media outlets.","is living simply and frugally.","are best friends.","are great to have.","the mountains nourishes my soul.","solitude.",17,26,8,12,11,10
2,24,"a stranger.","is something money can't buy.","are something I never had.","are fun and exciting.","life is the small stuff.","motivation.",8,23,6,21,19,19
2,27,"A wolf in sheep's clothing.","Is the life I live","Be good to your sisters.","Are people you don't have to like to love them.","Life is its imperfect perfection","Wanting nothing",14,16,8,11,9,23
2,27,"A wolf in sheep's clothing.","Is the life I live","Be good to your sisters.","Are people you don't have to like to love them.","Life is its imperfect perfection","Wanting nothing",14,16,8,11,9,23
1,35,"big talkers","requires harmony","and sisters",,"song","charm",30,29,4,18,18,29
1,25,"a person with no honor","is the life maximised, focused and for the betterment","are Bonds","are Bonds","Life","Yourself, you can never lack yourself. ",23,31,3,23,10,32
1,25,"a person with no honor","is the life maximised, focused and for the betterment","are Bonds","are Bonds","Life","Yourself, you can never lack yourself. ",23,31,3,23,10,32
1,49,"absolute authority","is free from fear","are awesome","are too","simplicity","a plan",19,24,4,21,24,21
2,35,"a person known as a liar","is something that needs persistence and a clear conscience","are dear and can be a pain in the butt","can be a pain in the butt, and also dear.","simplicity.","patience",12,29,9,15,27,23
2,28,"liers","is what you make of it","will always be boys","will always be your competition","yourself must never be forgotten","from the bottom there's only progress to be seen.",30,25,3,30,30,32
1,30,"a salesman","Sitting under a tree watching play","are annoying","are bratty","Nature","good looks",8,31,6,11,8,22
2,42,"criminals","is measured by self-satisfaction","are a gift","are wonderful","nature is awe inspiring","money",14,22,4,17,9,23
2,31,,,,,,,17,19,4,30,8,10
3,50,"certainty","easy to feel, hard to define","males","females","life grows from its ugliness","uncertainty",23,27,8,17,17,34
2,30,"a person who is always smiling in your face","might always have issues but you still enjoy it","are the protectors of the house when dad is gone","are good friends to confide in","life is to always count your blessings","the feeling of love and being in love",14,23,10,26,31,30
1,34,"someone running down the street covered in blood","is subjective","gonna work it out ","are doin it for themselves","cream cheese","a monkey ",23,31,7,18,17,27
1,32,"impulses.","is a life of contentment.","are strength.","cause stress.","a person is within.","still standing.",30,36,10,24,28,25
2,22,"people. ","is having kids, and reading books.","are family. So are fathers and uncles etc.","are family. So are mothers and aunts etc.","life is to look out for #1 and don't step in #2.","logical explanations.",13,34,7,27,30,29
2,61,"politicians and bankers","is appreciating what you have rather than what you don't","are great","are great","holding a newborn grandchild","wanting for nothing",16,22,0,14,10,29
1,42,"Politicians","Is now","And sisters","And brothers","Life","Money",25,17,6,30,18,17
2,18,"backstabber.","is full of money.","should protect.","should shop.","art","ass",11,11,6,11,23,16
1,40,"Anyone","Is hard to achieve ","Are ok",,,,16,21,5,22,21,31
2,66,"merchandise or services for sale without knowledge or research","consists of family, friends, community, fresh air and outdoor activities","provide strength and support and love","share thoughts, emotions, experiences, and love","God lies in nature, people and animals","love and belief in personal power, one can achieve anything.",17,24,4,15,12,35
1,23,"someone that does not trust anyone else.","is worshipping God everyday with your actions.","can lend a helping hand when you need them.","can always be there for you.","life is God's creation that he gave us.","the truth of God's word will still matter in the end.",31,9,9,18,18,39
2,21,"anyone","is for me","are nice","are sweet ","the beast","hieghth",14,14,4,24,26,40
2,24,"the devil.","is with friends and family.","play sports.","love hair and make up.","nature is miraculous.","know all.",8,8,7,8,10,13
2,19,"cheating men.","is living next to the beach.","are annoying, but you have to love them.","would be nice to have, but I only have brothers. ","the ocean is unbelievable. ","smiles. ",8,13,5,13,8,38
2,19,"a stranger.","is tthe best life.","i have one","i have none","the sunset","confidence",8,8,6,25,22,13
2,46,"a decision made based on emotions alone.","means something different to each individual.","not a clue-never had one.","are your very best friends if you choose them to be.","a newborn baby is the ultimate beauty.","blissfully unaware.",21,26,6,19,30,34
2,24,"A person with two first names","Is one with great friends family and career","Are very helpful with hands on stuff","Will be your best friend ","The sky and the stars, moon, sun amazes me ","The career I want",10,21,8,21,20,24
1,28,"rumours","spent with family","you can't choose","I don't have","life","the ability to succeed",18,25,7,26,18,24
1,29,"The news","Is loving what you do","Are cool","Are fun","The ocean is amazing","A couch to sit on ",14,14,7,10,10,31
2,21,"an enemy .","is full of people you love.","are sisters shoulder to cry on and firm holding rock in life.","are angels from above.","God is that his grace and love is unending.","a smile and a laugh.",9,26,6,26,8,24
2,25,"a stranger","is what you make it","will look out for you","are always there for you","life","gain everything",14,35,9,29,17,17
2,18,"anyone","is one that is well lived","are guardians","are your other half","life","love",15,28,9,34,26,23
1,27,"A BROKER","INDEPENDENCE","IN ARMS","ARE CARING","GREY","BEAUTY",31,33,4,19,25,25
2,23," sometimes that can be me, my own emotions","conclude love,happiness,success,halth,pease,passion","are very important people in live","are a gift from god","smile","in dark i am scared",12,34,9,30,15,28
2,20,"what people say","is hard to find","should be protective","should be caring","music","love",9,16,3,14,11,17
2,18,"criminals","better than the life i live ","Type of alcohol","Nuns","roses","having the essentials",8,16,5,19,11,26
1,19,"unknown people","of a country ","are the best","can be best friends","nature is perception of each one","fortunately has love",11,25,6,23,24,29
1,26,"a man with a crooked nose","is good","are blood and also good friends","are precious and steady guys","the world is amazing","people",9,31,8,11,8,23
1,27,"a man with glasses","eludes me!","are great. ","are doing it for themselves","life is that you can change whatever you want","still enjoying life. ",23,30,7,25,13,22
2,57,"a liar","is one of kindness and contentment","come in many shapes and sizes","of mercy","the world never fails to amaze me","insight",8,35,8,16,8,29
2,42,"a hungry lion.","traveling first class whenever you fell like it.","look after and protect their sisters.","should care for one another and take care of their brothers.","life is that we have choices and chances.","love and understanding.",21,15,9,30,31,29
2,20,"something their gut tells them is wrong.","is always within reach and always possible.","seem like a wonderful idea. Wish I had at least one to balance out all the Estrogen in my house.","are a lot of work. Can't live with 'em but I'd miss 'em if I didn't.","everything. Earth, nature, the human brain. The world is a playground and needs to be explored.","love, happiness, determination, and potential.",28,39,7,19,23,37
2,35,"a wild animal","is when you achieve emotional balance","are a blood relation","are forever","nature is everything we need to connect with ourselves","self respect",14,25,4,20,13,24
3,32,"Statistics","Is one full of love","Can be mean","Can be evil.","Your smile fills my heart.","Arrogance.",14,24,6,18,14,32
1,25,"themselves","is often cut short","for life","doin it for themselves!","life","conviction",13,28,2,16,9,28
2,31,"a stranger","isn't easy","and sisters","and brothers","the world","common sense",16,13,9,17,27,15
1,57,"teenagers","is the best life.","love one another","do, too","the beast","common sense",22,22,6,20,35,35
2,26,"anything completely. ","is doing what you love every day.","take care of sisters.","look up to brothers.","people is in personality, not looks.","what you really need.",9,23,5,20,14,19
